station_id,station_name,PM25,msa_id,msa_name,census_id,census_tract,pct_people_of_color,pct_low_income,pct_unemployed
0002,Concord,11.6635234972678,41860,"San Francisco-Oakland-Fremont, CA",06013338201,Contra Costa County,0.327444637969644,0.080571137174911,0.023517382413088
1103,Los Angeles-North Main Street,13.3477,31080,"Los Angeles-Long Beach-Anaheim, CA",06037206010,Los Angeles County,0.886564762670957,0.519442209707696,0.16209371042634
2510,Merced-M St,15.5013396174863,32900,"Merced, CA",06047001302,Merced County,0.842665750601168,0.688912809472551,0.254983388704319
2022,Mission Viejo,11.8307390710383,31080,"Los Angeles-Long Beach-Anaheim, CA",06059032027,Orange County,0.633498913380938,0.194932379916058,0.053763440860215
8001,Rubidoux,13.8225180327869,40140,"Riverside-San Bernardino-Ontario, CA",06065040304,Riverside County,0.900909302867801,0.63265306122449,0.121353558926488
4001,Sacramento Health Department-Stockton Blvd.,14.559100273224,40900,"Sacramento-Roseville-Folsom, CA",06067001702,Sacramento County,0.253566621803499,0.313630229419703,0.0
2002,Fontana,13.697675136612,40140,"Riverside-San Bernardino-Ontario, CA",06071002204,San Bernardino County,0.913665432514305,0.365651438240271,0.102101116217991
8001,Big Bear,7.54979169398907,40140,"Riverside-San Bernardino-Ontario, CA",06071011406,San Bernardino County,0.420398009950249,0.364250177683014,0.098489822718319
0005,Modesto-14th Street,15.0817017213115,33700,"Modesto, CA",06099001800,Stanislaus County,0.594020797227036,0.665213600697472,0.144973544973545
8001,Rubidoux,13.8225180327869,40140,"Riverside-San Bernardino-Ontario, CA",06065040304,Riverside County,0.900909302867801,0.63265306122449,0.121353558926488
1003,Keeler,6.95654139344262,13860,"Bishop, CA",06027000800,Inyo County,0.428711576193591,0.366511318242344,0.02052091554854
0002,Gilroy,9.803886065573773,41940,"San Jose-Sunnyvale-Santa Clara, CA",06085512512,Santa Clara County,0.739634748272458,0.337672481124707,0.100534759358289
2009,Tranquillity,13.5642234426229,23420,"Fresno, CA",06019008200,Fresno County,0.963000336360579,0.651698620921628,0.155685920577617
0003,Merced-Coffee,15.432162295082,32900,"Merced, CA",06047001700,Merced County,0.723864258347017,0.575363113181694,0.038951583545686
0004,Vallejo,11.375743715847,46700,"Vallejo, CA",06095251200,Solano County,0.795162278015922,0.291411042944785,0.053865336658354
8005,Mira Loma (Van Buren),14.3894204918033,40140,"Riverside-San Bernardino-Ontario, CA",06065040403,Riverside County,0.806814063066328,0.139543312794491,0.063165365507452
1016,San Diego - Kearny Villa Rd.,11.8629721311475,41740,"San Diego-Chula Vista-Carlsbad, CA",06073009400,San Diego County,0.575415555099528,0.331225680933852,0.092009685230024
0004,Vallejo,11.375743715847,46700,"Vallejo, CA",06095251200,Solano County,0.795162278015922,0.291411042944785,0.053865336658354
0002,Concord,11.6635234972678,41860,"San Francisco-Oakland-Fremont, CA",06013338201,Contra Costa County,0.327444637969644,0.080571137174911,0.023517382413088
2011,Goleta,7.95333647540984,42200,"Santa Maria-Santa Barbara, CA",06083002914,Santa Barbara County,0.343235389086212,0.122053600258314,0.075155279503106
0002,WMRC/NCORE,11.4054780601093,13860,"Bishop, CA",06027000100,Inyo County,0.484542792059876,0.395045632333768,0.088419405320814
0500,Table Mountain Air Monitoring Site,19.6991996448087,23420,"Fresno, CA",06019006405,Fresno County,0.246339202965709,0.133642261353105,0.028301886792453
1602,Pico Rivera #2,14.4358860655738,31080,"Los Angeles-Long Beach-Anaheim, CA",06037500403,Los Angeles County,0.965970832141836,0.163568773234201,0.03921568627451
3002,Lakeport-S. Main Street,9.83838961748634,17340,"Clearlake, CA",06033000402,Lake County,0.31810766721044,0.267536704730832,0.108333333333333
0005,Grass Valley-Litton Building,12.2049346994536,46020,"Truckee-Grass Valley, CA",06057000504,Nevada County,0.148595172140879,0.250374812593703,0.048924731182796
0002,Azusa,12.5293040983607,31080,"Los Angeles-Long Beach-Anaheim, CA",06037400603,Los Angeles County,0.758351670334067,0.111312764670296,0.064925899788285
0500,29 Palms,8.96611256830601,40140,"Riverside-San Bernardino-Ontario, CA",06065940400,Riverside County,0.981119465329992,0.36888963547791,0.096059821685361
0500,29 Palms,8.96611256830601,40140,"Riverside-San Bernardino-Ontario, CA",06065940400,Riverside County,0.981119465329992,0.36888963547791,0.096059821685361
2020,SLO Roberto,8.55104398907104,42020,"San Luis Obispo-Paso Robles, CA",06079011104,San Luis Obispo County,0.329735563950351,0.257608695652174,0.036855036855037
0015,Sacramento-Bercut Drive,14.6921398907104,40900,"Sacramento-Roseville-Folsom, CA",06067005301,Sacramento County,0.559460760712566,0.603883495145631,0.094713656387665
1009,Santa Maria,8.30600327868853,42200,"Santa Maria-Santa Barbara, CA",06083002008,Santa Barbara County,0.532759578012215,0.081976339596381,0.031129476584022
0007,Brawley-220 Main Street,10.1937696721311,20940,"El Centro, CA",06025010600,Imperial County,0.789480403421422,0.35039420964198,0.058634772462077
2022,Mission Viejo,11.8307390710383,31080,"Los Angeles-Long Beach-Anaheim, CA",06059032027,Orange County,0.633498913380938,0.194932379916058,0.053763440860215
9001,,7.90970677595628,42200,"Santa Maria-Santa Barbara, CA",06083001604,Santa Barbara County,0.44961934617107,0.145711719802425,0.077625570776256
2007,Indio Amistad High School,8.99519863387978,40140,"Riverside-San Bernardino-Ontario, CA",06065045303,Riverside County,0.923275862068966,0.479310344827586,0.128299120234604
5001,Clovis-Villa,19.422912295082,23420,"Fresno, CA",06019005607,Fresno County,0.524725274725275,0.512468300929839,0.040520984081042
3001,Lakeport-Lakeport Blvd.,9.83838961748634,17340,"Clearlake, CA",06033000402,Lake County,0.31810766721044,0.267536704730832,0.108333333333333
2005,Pasadena,12.629300273224,31080,"Los Angeles-Long Beach-Anaheim, CA",06037463500,Los Angeles County,0.525812304139865,0.245038317940656,0.081451612903226
1001,Truckee-Fire Station,9.5797106557377,46020,"Truckee-Grass Valley, CA",06057001209,Nevada County,0.253861652115514,0.06178643384822,0.032745591939547
0006,Roseville-N Sunrise Ave,14.2068404371585,40900,"Sacramento-Roseville-Folsom, CA",06061020717,Placer County,0.499064371257485,0.120134730538922,0.088317322590641
5001,Palm Springs,8.17014155737705,40140,"Riverside-San Bernardino-Ontario, CA",06065941300,Riverside County,0.349792817679558,0.291091160220994,0.093484419263456
0006,Sacramento-Del Paso Manor,14.6781510928962,40900,"Sacramento-Roseville-Folsom, CA",06067006002,Sacramento County,0.350726946823342,0.408945686900958,0.091749907510174
0005,San Jose - Jackson,11.4445707650273,41940,"San Jose-Sunnyvale-Santa Clara, CA",06085501101,Santa Clara County,0.742046234836347,0.229553264604811,0.04374286801065
1602,Pico Rivera #2,14.4358860655738,31080,"Los Angeles-Long Beach-Anaheim, CA",06037500403,Los Angeles County,0.965970832141836,0.163568773234201,0.03921568627451
0007,Santa Cruz,8.76527978142076,42100,"Santa Cruz-Watsonville, CA",06087121401,Santa Cruz County,0.402426693629929,0.275587703435805,0.07447528774543
0005,Modesto-14th Street,15.0817017213115,33700,"Modesto, CA",06099001800,Stanislaus County,0.594020797227036,0.665213600697472,0.144973544973545
0011,Santa Barbara,8.25399174863388,42200,"Santa Maria-Santa Barbara, CA",06083000801,Santa Barbara County,0.764468031336871,0.335355066969927,0.031738730450782
0009,Pechanga,10.0171259562842,40140,"Riverside-San Bernardino-Ontario, CA",06065043203,Riverside County,0.419765840220386,0.172865013774105,0.040268456375839
1002,Stockton-Hazelton,14.5888112021858,44700,"Stockton-Lodi, CA",06077001900,San Joaquin County,0.948897256589564,0.442571899615314,0.078154784597789
2006,San Luis Obispo,8.53641693989071,42020,"San Luis Obispo-Paso Robles, CA",06079011103,San Luis Obispo County,0.334015195791935,0.288388417665984,0.005635245901639
0008,King City 2,8.6153343989071,41500,"Salinas, CA",06053011302,Monterey County,0.890184819666248,0.592874373724253,0.031297324583544
0002,Carmel Valley,7.61871795081967,41500,"Salinas, CA",06053011001,Monterey County,0.110560093348891,0.158957845433255,0.057588482303539
0005,Calexico-Ethel Street,10.7327918032787,20940,"El Centro, CA",06025012004,Imperial County,0.980968045112782,0.508928571428571,0.219453761379971
8002,Atascadero,9.199059836065572,42020,"San Luis Obispo-Paso Robles, CA",06079012502,San Luis Obispo County,0.300513698630137,0.348466678088059,0.053701938353988
4008,Long Beach-Route 710 Near Road,14.1475278688525,31080,"Los Angeles-Long Beach-Anaheim, CA",06037571701,Los Angeles County,0.90473328324568,0.529082096334444,0.098800505050505
0010,Joshua Tree NP - Cottonwood Visitor Center,6.96782158469945,40140,"Riverside-San Bernardino-Ontario, CA",06065046900,Riverside County,0.631062670299728,0.625962596259626,0.154034229828851
0015,Pleasanton - Owens Ct,11.6440090163934,41860,"San Francisco-Oakland-Fremont, CA",06001450743,Alameda County,0.800134498991258,0.119569603227976,0.045159847976749
0008,Chico-East Avenue,15.9461994535519,17020,"Chico, CA",06007000104,Butte County,0.354163119359782,0.326996197718631,0.068085106382979
1023,Bishop Tribe EMO,14.5820884699454,13860,"Bishop, CA",06027000400,Inyo County,0.485789014821273,0.243358129649309,0.04922042188933
0003,Yuba City,15.8829953551913,49700,"Yuba City, CA",06101050202,Sutter County,0.659713800630609,0.372753763963089,0.081746031746032
1003,Stockton - University Park,14.5131519125683,44700,"Stockton-Lodi, CA",06077000402,San Joaquin County,0.830779785044592,0.631921824104234,0.021924482338611
4009,Signal Hill (LBSH),13.8081147540984,31080,"Los Angeles-Long Beach-Anaheim, CA",06037573402,Los Angeles County,0.780487804878049,0.33609656777196,0.052330122363968
0002,WMRC/NCORE,11.4054780601093,13860,"Bishop, CA",06027000100,Inyo County,0.484542792059876,0.395045632333768,0.088419405320814
2024,Merced-Vierra,15.485200273224,32900,"Merced, CA",06047002601,Merced County,0.810570987654321,0.222608024691358,0.103274559193955
0010,Bakersfield-Golden / M St,16.7374199453552,12540,"Bakersfield-Delano, CA",06029000603,Kern County,0.747799295774648,0.744652406417112,0.28099173553719
2005,Pasadena,12.629300273224,31080,"Los Angeles-Long Beach-Anaheim, CA",06037463500,Los Angeles County,0.525812304139865,0.245038317940656,0.081451612903226
1001,Truckee-Fire Station,9.5797106557377,46020,"Truckee-Grass Valley, CA",06057001209,Nevada County,0.253861652115514,0.06178643384822,0.032745591939547
2002,Indio,9.061847814207653,40140,"Riverside-San Bernardino-Ontario, CA",06065049502,Riverside County,0.979572595851666,0.573852922690132,0.221585482330468
9004,San Bernardino,11.9186442622951,40140,"Riverside-San Bernardino-Ontario, CA",06071006502,San Bernardino County,0.944648318042813,0.730061349693252,0.031204644412192
1003,Woodland-Gibson Road,14.1518032786885,40900,"Sacramento-Roseville-Folsom, CA",06113011208,Yolo County,0.540523128462827,0.081427015250545,0.041729135432284
1010,San Diego - Beardsley Street,11.6233636612022,41740,"San Diego-Chula Vista-Carlsbad, CA",06073005103,San Diego County,0.633235724743777,0.735196763515999,0.261261261261261
8005,Mira Loma (Van Buren),14.3894204918033,40140,"Riverside-San Bernardino-Ontario, CA",06065040403,Riverside County,0.806814063066328,0.139543312794491,0.063165365507452
1003,Salinas 3,7.99084931693989,41500,"Salinas, CA",06053010608,Monterey County,0.940848214285714,0.354285714285714,0.016276041666667
2004,Mesa2,8.70751229508197,42020,"San Luis Obispo-Paso Robles, CA",06079012306,San Luis Obispo County,0.164542067071975,0.10200078462142,0.010780508840017
0005,San Francisco,10.3922740437158,41860,"San Francisco-Oakland-Fremont, CA",06075060702,San Francisco County,0.528020565552699,0.267997898055702,0.051824817518248
2002,Willits-125 East Commercial Street,10.795081420765,46380,"Ukiah, CA",06045010700,Mendocino County,0.306113843991567,0.333285998295939,0.103274559193955
2007,CDF,8.70751229508197,42020,"San Luis Obispo-Paso Robles, CA",06079012306,San Luis Obispo County,0.164542067071975,0.10200078462142,0.010780508840017
1002,Stockton-Hazelton,14.5888112021858,44700,"Stockton-Lodi, CA",06077001900,San Joaquin County,0.948897256589564,0.442571899615314,0.078154784597789
0009,Pechanga,10.0171259562842,40140,"Riverside-San Bernardino-Ontario, CA",06065043203,Riverside County,0.419765840220386,0.172865013774105,0.040268456375839
2010,Manteca,14.4675776229508,44700,"Stockton-Lodi, CA",06077005122,San Joaquin County,0.782804266803753,0.10310349305285,0.062137531068766
1016,Morongo Air Monitoring Station,8.48123040983607,40140,"Riverside-San Bernardino-Ontario, CA",06065043813,Riverside County,0.626663319106201,0.287440221495092,0.030898876404494
0011,Fresno - Garland,19.42447568306009,23420,"Fresno, CA",06019005100,Fresno County,0.811129848229342,0.557282760764806,0.172770700636943
8001,Rubidoux,13.8225180327869,40140,"Riverside-San Bernardino-Ontario, CA",06065040304,Riverside County,0.900909302867801,0.63265306122449,0.121353558926488
0003,Napa,10.6077316939891,34900,"Napa, CA",06055200504,Napa County,0.57102081934184,0.221501227639425,0.031521110468479
0012,Folsom-Natoma St.,13.6407469945355,40900,"Sacramento-Roseville-Folsom, CA",06067008404,Sacramento County,0.347639484978541,0.360617938667282,0.083159214375261
0005,Calexico-Ethel Street,10.7327918032787,20940,"El Centro, CA",06025012004,Imperial County,0.980968045112782,0.508928571428571,0.219453761379971
0010,Sacramento-1309 T Street,14.6037355191257,40900,"Sacramento-Roseville-Folsom, CA",06067002000,Sacramento County,0.528865979381443,0.255605381165919,0.062022090059473
2010,Madera-City,17.9268404371585,23420,"Fresno, CA",06039000517,Madera County,0.728273244781784,0.265793167992513,0.024008350730689
1018,El Cajon - Floyd Smith Dr.,11.3066650273224,41740,"San Diego-Chula Vista-Carlsbad, CA",06073016202,San Diego County,0.57079231129864,0.225322391559203,0.104532462229481
0013,Berkeley- Aquatic Park,11.1089715846995,41860,"San Francisco-Oakland-Fremont, CA",06001422000,Alameda County,0.505095801059927,0.172910662824208,0.022349570200573
1602,Pico Rivera #2,14.4358860655738,31080,"Los Angeles-Long Beach-Anaheim, CA",06037500403,Los Angeles County,0.965970832141836,0.163568773234201,0.03921568627451
0007,Anaheim,13.9910461748634,31080,"Los Angeles-Long Beach-Anaheim, CA",06059087105,Orange County,0.843683463449255,0.311586452762923,0.069347688410386
0018,Ridgecrest-Ward,8.49743983606557,12540,"Bakersfield-Delano, CA",06029005509,Kern County,0.370899352823031,0.244979919678715,0.102424542305789
0007,Crescent City-Crescent Elk School,8.5499393442623,18860,"Crescent City, CA",06015000101,Del Norte County,0.373718970621726,0.490714948932219,0.081706063720452
0003,Yuba City,15.8829953551913,49700,"Yuba City, CA",06101050202,Sutter County,0.659713800630609,0.372753763963089,0.081746031746032
0019,Mojave - CA 58 Business,9.37160521857924,12540,"Bakersfield-Delano, CA",06029005900,Kern County,0.803361344537815,0.484926052332196,0.072248480756246
0006,Roseville-N Sunrise Ave,14.2068404371585,40900,"Sacramento-Roseville-Folsom, CA",06061020717,Placer County,0.499064371257485,0.120134730538922,0.088317322590641
1018,Lone Pine Paiute-Shoshone Reservation,6.95654139344262,13860,"Bishop, CA",06027000800,Inyo County,0.428711576193591,0.366511318242344,0.02052091554854
0004,Redding - Health Department,11.5835510928962,39820,"Redding, CA",06089010400,Shasta County,0.239130434782609,0.301424382069543,0.070658682634731
1003,Woodland-Gibson Road,14.1518032786885,40900,"Sacramento-Roseville-Folsom, CA",06113011208,Yolo County,0.540523128462827,0.081427015250545,0.041729135432284
0010,Torres Martinez Reservation,8.70777103825137,20940,"El Centro, CA",06025012302,Imperial County,0.795623987034036,0.521076523994812,0.115682281059063
2003,Visalia-W. Ashland Avenue,21.5743081967213,47300,"Visalia, CA",06107001901,Tulare County,0.524594907407407,0.240451388888889,0.054088050314465
8001,Big Bear,7.54979169398907,40140,"Riverside-San Bernardino-Ontario, CA",06071011406,San Bernardino County,0.420398009950249,0.364250177683014,0.098489822718319
1022,El Cajon - Lexington Elementary School,11.0631155737705,41740,"San Diego-Chula Vista-Carlsbad, CA",06073015704,San Diego County,0.548070488512157,0.481597144769128,0.060579064587973
0020,Mojave-Pat Avenue,9.37160521857924,12540,"Bakersfield-Delano, CA",06029005900,Kern County,0.803361344537815,0.484926052332196,0.072248480756246
1201,Pala Airpad,12.0194079234973,41740,"San Diego-Chula Vista-Carlsbad, CA",06073019109,San Diego County,0.450167224080267,0.187193217313699,0.040878122634368
0014,Bakersfield-California,17.0414614754098,12540,"Bakersfield-Delano, CA",06029001804,Kern County,0.543266475644699,0.254207777132908,0.04147764095917
9033,Lancaster-Division Street,9.43018770491803,31080,"Los Angeles-Long Beach-Anaheim, CA",06037900504,Los Angeles County,0.831938732094738,0.339942938659059,0.103262591067469
0006,Sacramento-Del Paso Manor,14.6781510928962,40900,"Sacramento-Roseville-Folsom, CA",06067006002,Sacramento County,0.350726946823342,0.408945686900958,0.091749907510174
0007,Anaheim,13.9910461748634,31080,"Los Angeles-Long Beach-Anaheim, CA",06059087105,Orange County,0.843683463449255,0.311586452762923,0.069347688410386
0015,Ridgecrest-California Ave,8.46194647540984,12540,"Bakersfield-Delano, CA",06029005408,Kern County,0.388136942675159,0.320901475867571,0.041300527240773
0011,Fresno - Garland,19.42447568306009,23420,"Fresno, CA",06019005100,Fresno County,0.811129848229342,0.557282760764806,0.172770700636943
0011,Oakland West,10.9923551912568,41860,"San Francisco-Oakland-Fremont, CA",06001402400,Alameda County,0.866946244757911,0.550713459313536,0.106269113149847
2002,Simi Valley-Cochran Street,8.42979704918033,37100,"Oxnard-Thousand Oaks-Ventura, CA",06111008307,Ventura County,0.502517026946994,0.100266983091071,0.046839472487494
0004,Corcoran-Patterson,18.5840366120219,25260,"Hanford-Corcoran, CA",06031001500,Kings County,0.868137336208326,0.48555592878737,0.052426343154246
0027,Ontario-Route 60 Near Road,14.4492994535519,40140,"Riverside-San Bernardino-Ontario, CA",06071001803,San Bernardino County,0.828727691421992,0.161824520627542,0.0509977827051
1026,San Diego - Sherman Elementary School,11.7049519125683,41740,"San Diego-Chula Vista-Carlsbad, CA",06073004700,San Diego County,0.678423236514523,0.23314606741573,0.041938490214352
2007,Indio Amistad High School,8.99519863387978,40140,"Riverside-San Bernardino-Ontario, CA",06065045303,Riverside County,0.923275862068966,0.479310344827586,0.128299120234604
1016,San Diego - Kearny Villa Rd.,11.8629721311475,41740,"San Diego-Chula Vista-Carlsbad, CA",06073009400,San Diego County,0.575415555099528,0.331225680933852,0.092009685230024
1017,San Diego -Rancho Carmel Drive,11.7823969945355,41740,"San Diego-Chula Vista-Carlsbad, CA",06073017056,San Diego County,0.598588442876048,0.062887307780583,0.052954719877206
1302,Compton,14.4338745901639,31080,"Los Angeles-Long Beach-Anaheim, CA",06037542000,Los Angeles County,1.0,0.323647486140317,0.066194690265487
0016,Bakersfield-Airport (Planz),15.9909170218579,12540,"Bakersfield-Delano, CA",06029003103,Kern County,0.873215984776403,0.632116788321168,0.101958525345622
2002,Indio,9.061847814207653,40140,"Riverside-San Bernardino-Ontario, CA",06065049502,Riverside County,0.979572595851666,0.573852922690132,0.221585482330468
0003,Yuba City,15.8829953551913,49700,"Yuba City, CA",06101050202,Sutter County,0.659713800630609,0.372753763963089,0.081746031746032
8005,Mira Loma (Van Buren),14.3894204918033,40140,"Riverside-San Bernardino-Ontario, CA",06065040403,Riverside County,0.806814063066328,0.139543312794491,0.063165365507452
0006,Turlock,15.5203266393443,33700,"Modesto, CA",06099003904,Stanislaus County,0.568914285714286,0.435657142857143,0.152610441767068
2010,Madera-City,17.9268404371585,23420,"Fresno, CA",06039000517,Madera County,0.728273244781784,0.265793167992513,0.024008350730689
0011,Mojave,9.37160521857924,12540,"Bakersfield-Delano, CA",06029005900,Kern County,0.803361344537815,0.484926052332196,0.072248480756246
0008,Chico-East Avenue,15.9461994535519,17020,"Chico, CA",06007000104,Butte County,0.354163119359782,0.326996197718631,0.068085106382979
0003,Auburn-Atwood,12.9702464480874,40900,"Sacramento-Roseville-Folsom, CA",06061021501,Placer County,0.262762473511847,0.218034152436485,0.049071618037135
0009,Piru - Pacific,6.8164793442623,37100,"Oxnard-Thousand Oaks-Ventura, CA",06111009700,Ventura County,0.772427440633245,0.27026132980483,0.087306917394224
1005,Humboldt Hill,9.025401912568308,21700,"Eureka-Arcata, CA",06023010701,Humboldt County,0.313922942206655,0.27877532228361,0.048109965635739
1016,Morongo Air Monitoring Station,8.48123040983607,40140,"Riverside-San Bernardino-Ontario, CA",06065043813,Riverside County,0.626663319106201,0.287440221495092,0.030898876404494
2002,Simi Valley-Cochran Street,8.42979704918033,37100,"Oxnard-Thousand Oaks-Ventura, CA",06111008307,Ventura County,0.502517026946994,0.100266983091071,0.046839472487494
0006,San Jose - Knox Avenue,11.472756284153,41940,"San Jose-Sunnyvale-Santa Clara, CA",06085503602,Santa Clara County,0.946146527117031,0.262226450999049,0.080633802816901
4008,Long Beach-Route 710 Near Road,14.1475278688525,31080,"Los Angeles-Long Beach-Anaheim, CA",06037571701,Los Angeles County,0.90473328324568,0.529082096334444,0.098800505050505
0007,Red Bluff-Walnut St. District Office,13.0895802459016,39780,"Red Bluff, CA",06103000500,Tehama County,0.319220055710306,0.400229577195332,0.030262572318647
0015,Sacramento-Bercut Drive,14.6921398907104,40900,"Sacramento-Roseville-Folsom, CA",06067005301,Sacramento County,0.559460760712566,0.603883495145631,0.094713656387665
2002,Visalia-Church,21.570508196721292,47300,"Visalia, CA",06107001200,Tulare County,0.484308736217133,0.47922192749779,0.062634989200864
1033,Stn.1 Big Pine Paiute site,9.260227595628407,13860,"Bishop, CA",06027000500,Inyo County,0.366018261214768,0.251010509296686,0.043676069153776
2003,Willits-Blosser Lane,10.795081420765,46380,"Ukiah, CA",06045010700,Mendocino County,0.306113843991567,0.333285998295939,0.103274559193955
1014,Donovan,11.103281420765,41740,"San Diego-Chula Vista-Carlsbad, CA",06073010016,San Diego County,0.74125,0.0,0.0
1001,Truckee-Fire Station,9.5797106557377,46020,"Truckee-Grass Valley, CA",06057001209,Nevada County,0.253861652115514,0.06178643384822,0.032745591939547
0001,Chula Vista,11.5339510928962,41740,"San Diego-Chula Vista-Carlsbad, CA",06073013401,San Diego County,0.671871464132157,0.133105802047782,0.106120434353406
0010,Torres Martinez Reservation,8.70777103825137,20940,"El Centro, CA",06025012302,Imperial County,0.795623987034036,0.521076523994812,0.115682281059063
0005,Calexico-Ethel Street,10.7327918032787,20940,"El Centro, CA",06025012004,Imperial County,0.980968045112782,0.508928571428571,0.219453761379971
8001,Rubidoux,13.8225180327869,40140,"Riverside-San Bernardino-Ontario, CA",06065040304,Riverside County,0.900909302867801,0.63265306122449,0.121353558926488
0306,Victorville-Park Avenue,9.96293770491803,40140,"Riverside-San Bernardino-Ontario, CA",06071009914,San Bernardino County,0.757914338919926,0.701554797117937,0.077047850770479
1002,Escondido,11.8914601092896,41740,"San Diego-Chula Vista-Carlsbad, CA",06073020213,San Diego County,0.880684481950305,0.514533520862635,0.13618458075408
2002,Visalia-Church,21.570508196721292,47300,"Visalia, CA",06107001200,Tulare County,0.484308736217133,0.47922192749779,0.062634989200864
4004,Long Beach (South),13.6995989071038,31080,"Los Angeles-Long Beach-Anaheim, CA",06037573300,Los Angeles County,0.963174273858921,0.702830188679245,0.110889774236388
1201,Pala Airpad,12.0194079234973,41740,"San Diego-Chula Vista-Carlsbad, CA",06073019109,San Diego County,0.450167224080267,0.187193217313699,0.040878122634368
5001,Clovis-Villa,19.422912295082,23420,"Fresno, CA",06019005607,Fresno County,0.524725274725275,0.512468300929839,0.040520984081042
1302,Compton,14.4338745901639,31080,"Los Angeles-Long Beach-Anaheim, CA",06037542000,Los Angeles County,1.0,0.323647486140317,0.066194690265487
0002,Hollister,8.71582863387978,41940,"San Jose-Sunnyvale-Santa Clara, CA",06069000802,San Benito County,0.465987200758474,0.123160892263882,0.059265811587793
0009,Oakland,11.2897669398907,41860,"San Francisco-Oakland-Fremont, CA",06001409300,Alameda County,0.977537872192234,0.440899581589958,0.050661625708885
0011,Fresno - Garland,19.42447568306009,23420,"Fresno, CA",06019005100,Fresno County,0.811129848229342,0.557282760764806,0.172770700636943
1016,San Diego - Kearny Villa Rd.,11.8629721311475,41740,"San Diego-Chula Vista-Carlsbad, CA",06073009400,San Diego County,0.575415555099528,0.331225680933852,0.092009685230024
0005,San Jose - Jackson,11.4445707650273,41940,"San Jose-Sunnyvale-Santa Clara, CA",06085501101,Santa Clara County,0.742046234836347,0.229553264604811,0.04374286801065
3001,El Rio-Rio Mesa School #2,7.89819540983607,37100,"Oxnard-Thousand Oaks-Ventura, CA",06111009300,Ventura County,0.516145057128664,0.166609175577785,0.051600261267146
0012,Laney College,11.0206838797814,41860,"San Francisco-Oakland-Fremont, CA",06001403302,Alameda County,0.484741784037559,0.05829420970266,0.006132075471698
0004,Sebastopol,8.83739508196721,42220,"Santa Rosa-Petaluma, CA",06097153406,Sonoma County,0.292713567839196,0.136859781696054,0.03778866340098
2002,Fontana,13.697675136612,40140,"Riverside-San Bernardino-Ontario, CA",06071002204,San Bernardino County,0.913665432514305,0.365651438240271,0.102101116217991
0077,Campo Indian Reservation,7.88967431693989,41740,"San Diego-Chula Vista-Carlsbad, CA",06073021102,San Diego County,0.444642221431114,0.360239162929746,0.104938271604938
0010,Sacramento-1309 T Street,14.6037355191257,40900,"Sacramento-Roseville-Folsom, CA",06067002000,Sacramento County,0.528865979381443,0.255605381165919,0.062022090059473
5025,Fresno-Pacific,19.92294043715849,23420,"Fresno, CA",06019001408,Fresno County,0.720762711864407,0.379329301814184,0.169014084507042
0010,Bakersfield-Golden / M St,16.7374199453552,12540,"Bakersfield-Delano, CA",06029000603,Kern County,0.747799295774648,0.744652406417112,0.28099173553719
1003,El Centro-9th Street,10.6290571038251,20940,"El Centro, CA",06025011600,Imperial County,0.941719971570718,0.35998578535892,0.078926905132193
1026,San Diego - Sherman Elementary School,11.7049519125683,41740,"San Diego-Chula Vista-Carlsbad, CA",06073004700,San Diego County,0.678423236514523,0.23314606741573,0.041938490214352
9035,Lancaster - Fairgrounds,9.174461202185793,31080,"Los Angeles-Long Beach-Anaheim, CA",06037900901,Los Angeles County,0.641608968018464,0.453011250827267,0.100862068965517
1004,Jacobs,9.11117464480874,21700,"Eureka-Arcata, CA",06023000300,Humboldt County,0.347073371805441,0.373454245671888,0.066520787746171
1023,Bishop Tribe EMO,14.5820884699454,13860,"Bishop, CA",06027000400,Inyo County,0.485789014821273,0.243358129649309,0.04922042188933
1003,El Centro-9th Street,10.6290571038251,20940,"El Centro, CA",06025011600,Imperial County,0.941719971570718,0.35998578535892,0.078926905132193
1003,Keeler,6.95654139344262,13860,"Bishop, CA",06027000800,Inyo County,0.428711576193591,0.366511318242344,0.02052091554854
0014,Bakersfield-California,17.0414614754098,12540,"Bakersfield-Delano, CA",06029001804,Kern County,0.543266475644699,0.254207777132908,0.04147764095917
0004,Corcoran-Patterson,18.5840366120219,25260,"Hanford-Corcoran, CA",06031001500,Kings County,0.868137336208326,0.48555592878737,0.052426343154246
4002,Long Beach (North),13.8822885245902,31080,"Los Angeles-Long Beach-Anaheim, CA",06037577900,Los Angeles County,0.634503439760099,0.206041394741749,0.045954045954046
1003,Salinas 3,7.99084931693989,41500,"Salinas, CA",06053010608,Monterey County,0.940848214285714,0.354285714285714,0.016276041666667
0005,Grass Valley-Litton Building,12.2049346994536,46020,"Truckee-Grass Valley, CA",06057000504,Nevada County,0.148595172140879,0.250374812593703,0.048924731182796
0306,Victorville-Park Avenue,9.96293770491803,40140,"Riverside-San Bernardino-Ontario, CA",06071009914,San Bernardino County,0.757914338919926,0.701554797117937,0.077047850770479
0007,Brawley-220 Main Street,10.1937696721311,20940,"El Centro, CA",06025010600,Imperial County,0.789480403421422,0.35039420964198,0.058634772462077
1103,Los Angeles-North Main Street,13.3477,31080,"Los Angeles-Long Beach-Anaheim, CA",06037206010,Los Angeles County,0.886564762670957,0.519442209707696,0.16209371042634
8001,Atascadero (original site),9.199059836065572,42020,"San Luis Obispo-Paso Robles, CA",06079012502,San Luis Obispo County,0.300513698630137,0.348466678088059,0.053701938353988
1008,Camp Pendleton,11.6086221311475,41740,"San Diego-Chula Vista-Carlsbad, CA",06073018700,San Diego County,0.532192150512761,0.402879034130485,0.170945395273024
1001,Redwood City,10.1879740437158,41860,"San Francisco-Oakland-Fremont, CA",06081610500,San Mateo County,0.893212095580461,0.206809050539226,0.070559610705596
0010,Bakersfield-Golden / M St,16.7374199453552,12540,"Bakersfield-Delano, CA",06029000603,Kern County,0.747799295774648,0.744652406417112,0.28099173553719
1004,Hanford-Irwin,19.7471975409836,25260,"Hanford-Corcoran, CA",06031001100,Kings County,0.943197865997176,0.68248978308708,0.121972699251431
0007,Livermore,11.5149950819672,41860,"San Francisco-Oakland-Fremont, CA",06001451404,Alameda County,0.683607299049917,0.228371597993006,0.054198473282443
1004,San Pablo,10.840825136612,41860,"San Francisco-Oakland-Fremont, CA",06013368002,Contra Costa County,0.948074110190151,0.325694783032667,0.062295081967213
0007,Thousand Oaks,8.19701836065574,37100,"Oxnard-Thousand Oaks-Ventura, CA",06111006600,Ventura County,0.32975074319689,0.110391113168248,0.039078156312625
1004,Ojai - East Ojai Ave,7.11128095628415,37100,"Oxnard-Thousand Oaks-Ventura, CA",06111000902,Ventura County,0.254335260115607,0.276734104046243,0.0390625
4004,Long Beach (South),13.6995989071038,31080,"Los Angeles-Long Beach-Anaheim, CA",06037573300,Los Angeles County,0.963174273858921,0.702830188679245,0.110889774236388
1005,San Lorenzo Valley Middle School,9.1830831147541,42100,"Santa Cruz-Watsonville, CA",06087120302,Santa Cruz County,0.128452668275677,0.221164309031556,0.124935199585277
1022,El Cajon - Lexington Elementary School,11.0631155737705,41740,"San Diego-Chula Vista-Carlsbad, CA",06073015704,San Diego County,0.548070488512157,0.481597144769128,0.060579064587973
5003,Sloughhouse,12.9765467213115,40900,"Sacramento-Roseville-Folsom, CA",06067008602,Sacramento County,0.488413547237077,0.112104949314252,0.075965130759651
0002,WMRC/NCORE,11.4054780601093,13860,"Bishop, CA",06027000100,Inyo County,0.484542792059876,0.395045632333768,0.088419405320814
0004,Napa Valley College,10.7045322404372,34900,"Napa, CA",06055200900,Napa County,0.504566210045662,1.0,0.0
2016,Fresno-Foundry,19.7573478142077,23420,"Fresno, CA",06019001100,Fresno County,0.959570435881238,0.787811104020421,0.038223140495868
1006,Alpine,9.62286448087432,41740,"San Diego-Chula Vista-Carlsbad, CA",06073021206,San Diego County,0.252637423653526,0.218269778030734,0.042142857142857
0006,Hoopa Valley Reservation,10.1889431693989,21700,"Eureka-Arcata, CA",06023940000,Humboldt County,0.929684378745505,0.538554703270085,0.17752808988764
0016,Livermore Portola,11.5889306010929,41860,"San Francisco-Oakland-Fremont, CA",06001451401,Alameda County,0.606552059682128,0.232410423452769,0.037562851227447
1025,San Ysidro,11.2042710382514,41740,"San Diego-Chula Vista-Carlsbad, CA",06073010013,San Diego County,0.985294117647059,0.542680643953575,0.080104321907601
1022,El Cajon - Lexington Elementary School,11.0631155737705,41740,"San Diego-Chula Vista-Carlsbad, CA",06073015704,San Diego County,0.548070488512157,0.481597144769128,0.060579064587973
5025,Fresno-Pacific,19.92294043715849,23420,"Fresno, CA",06019001408,Fresno County,0.720762711864407,0.379329301814184,0.169014084507042
0002,Azusa,12.5293040983607,31080,"Los Angeles-Long Beach-Anaheim, CA",06037400603,Los Angeles County,0.758351670334067,0.111312764670296,0.064925899788285
1103,Los Angeles-North Main Street,13.3477,31080,"Los Angeles-Long Beach-Anaheim, CA",06037206010,Los Angeles County,0.886564762670957,0.519442209707696,0.16209371042634
1201,Reseda,10.0652038251366,31080,"Los Angeles-Long Beach-Anaheim, CA",06037132301,Los Angeles County,0.86283545676335,0.33923630326508,0.057574327512978
0006,Sacramento-Del Paso Manor,14.6781510928962,40900,"Sacramento-Roseville-Folsom, CA",06067006002,Sacramento County,0.350726946823342,0.408945686900958,0.091749907510174
0010,Sacramento-1309 T Street,14.6037355191257,40900,"Sacramento-Roseville-Folsom, CA",06067002000,Sacramento County,0.528865979381443,0.255605381165919,0.062022090059473
0001,Chula Vista,11.5339510928962,41740,"San Diego-Chula Vista-Carlsbad, CA",06073013401,San Diego County,0.671871464132157,0.133105802047782,0.106120434353406
0004,Redding - Health Department,11.5835510928962,39820,"Redding, CA",06089010400,Shasta County,0.239130434782609,0.301424382069543,0.070658682634731
1004,Jacobs,9.11117464480874,21700,"Eureka-Arcata, CA",06023000300,Humboldt County,0.347073371805441,0.373454245671888,0.066520787746171
0005,Calexico-Ethel Street,10.7327918032787,20940,"El Centro, CA",06025012004,Imperial County,0.980968045112782,0.508928571428571,0.219453761379971
0006,Ukiah-Library,9.84882295081967,46380,"Ukiah, CA",06045011600,Mendocino County,0.546567323044172,0.3677663601947,0.086180713743356
0007,Anaheim,13.9910461748634,31080,"Los Angeles-Long Beach-Anaheim, CA",06059087105,Orange County,0.843683463449255,0.311586452762923,0.069347688410386
0001,San Rafael,9.55742868852459,41860,"San Francisco-Oakland-Fremont, CA",06041110100,Marin County,0.270559354725583,0.128415300546448,0.069163163928162
1008,Santa Maria,8.40444306010929,42200,"Santa Maria-Santa Barbara, CA",06083002102,Santa Barbara County,0.715793918918919,0.350907519446845,0.040719696969697
1005,Humboldt Hill,9.025401912568308,21700,"Eureka-Arcata, CA",06023010701,Humboldt County,0.313922942206655,0.27877532228361,0.048109965635739
1011,La Posta Reservation,7.88967431693989,41740,"San Diego-Chula Vista-Carlsbad, CA",06073021102,San Diego County,0.444642221431114,0.360239162929746,0.104938271604938
0011,Fresno - Garland,19.42447568306009,23420,"Fresno, CA",06019005100,Fresno County,0.811129848229342,0.557282760764806,0.172770700636943
2004,Lompoc H Street,7.52346409836066,42200,"Santa Maria-Santa Barbara, CA",06083002708,Santa Barbara County,0.529832935560859,0.250398724082935,0.074074074074074
0012,Folsom-Natoma St.,13.6407469945355,40900,"Sacramento-Roseville-Folsom, CA",06067008404,Sacramento County,0.347639484978541,0.360617938667282,0.083159214375261
0027,Ontario-Route 60 Near Road,14.4492994535519,40140,"Riverside-San Bernardino-Ontario, CA",06071001803,San Bernardino County,0.828727691421992,0.161824520627542,0.0509977827051
0006,Roseville-N Sunrise Ave,14.2068404371585,40900,"Sacramento-Roseville-Folsom, CA",06061020717,Placer County,0.499064371257485,0.120134730538922,0.088317322590641
0006,Hoopa Valley Reservation,10.1889431693989,21700,"Eureka-Arcata, CA",06023940000,Humboldt County,0.929684378745505,0.538554703270085,0.17752808988764
1017,San Diego -Rancho Carmel Drive,11.7823969945355,41740,"San Diego-Chula Vista-Carlsbad, CA",06073017056,San Diego County,0.598588442876048,0.062887307780583,0.052954719877206
2510,Merced-M St,15.5013396174863,32900,"Merced, CA",06047001302,Merced County,0.842665750601168,0.688912809472551,0.254983388704319
0009,Sequoia & Kings Canyon NPs - Ash Mountain,15.2550922404372,47300,"Visalia, CA",06107000102,Tulare County,0.522698345354264,0.234196011879508,0.077962577962578
4009,Signal Hill (LBSH),13.8081147540984,31080,"Los Angeles-Long Beach-Anaheim, CA",06037573402,Los Angeles County,0.780487804878049,0.33609656777196,0.052330122363968
1016,San Diego - Kearny Villa Rd.,11.8629721311475,41740,"San Diego-Chula Vista-Carlsbad, CA",06073009400,San Diego County,0.575415555099528,0.331225680933852,0.092009685230024
1033,Stn.1 Big Pine Paiute site,9.260227595628407,13860,"Bishop, CA",06027000500,Inyo County,0.366018261214768,0.251010509296686,0.043676069153776
0500,29 Palms,8.96611256830601,40140,"Riverside-San Bernardino-Ontario, CA",06065940400,Riverside County,0.981119465329992,0.36888963547791,0.096059821685361
1023,Bishop Tribe EMO,14.5820884699454,13860,"Bishop, CA",06027000400,Inyo County,0.485789014821273,0.243358129649309,0.04922042188933
1026,San Diego - Sherman Elementary School,11.7049519125683,41740,"San Diego-Chula Vista-Carlsbad, CA",06073004700,San Diego County,0.678423236514523,0.23314606741573,0.041938490214352
1018,Lone Pine Paiute-Shoshone Reservation,6.95654139344262,13860,"Bishop, CA",06027000800,Inyo County,0.428711576193591,0.366511318242344,0.02052091554854
1008,Camp Pendleton,11.6086221311475,41740,"San Diego-Chula Vista-Carlsbad, CA",06073018700,San Diego County,0.532192150512761,0.402879034130485,0.170945395273024
0077,Campo Indian Reservation,7.88967431693989,41740,"San Diego-Chula Vista-Carlsbad, CA",06073021102,San Diego County,0.444642221431114,0.360239162929746,0.104938271604938
1006,Alpine,9.62286448087432,41740,"San Diego-Chula Vista-Carlsbad, CA",06073021206,San Diego County,0.252637423653526,0.218269778030734,0.042142857142857
1014,Donovan,11.103281420765,41740,"San Diego-Chula Vista-Carlsbad, CA",06073010016,San Diego County,0.74125,0.0,0.0
